codprov;des_prov;wregion;des_wregion;etotalmuj;etotalhom;publicid;totalq;totremun;fonreser;wgruenc;des_wgruenc
13;MANABI;2;REGION COSTA;63;292;0;0;3303548;128614;2;SERVICIOS
24;SANTA ELENA;2;REGION COSTA;58;325;49529;285655;4904372;221298;2;SERVICIOS
9;GUAYAS;2;REGION COSTA;32;45;188531;22808;1329774;59839;2;SERVICIOS
9;GUAYAS;2;REGION COSTA;274;848;508068;738287;23667820;1158412;2;SERVICIOS
10;IMBABURA;1;REGION SIERRA;56;295;33502;194367;5490619;244560;2;SERVICIOS
18;TUNGURAHUA;1;REGION SIERRA;88;358;33171;75292;5561574;280245;2;SERVICIOS
17;PICHINCHA;1;REGION SIERRA;372;1431;571079;1002400;46809245;2247744;2;SERVICIOS
9;GUAYAS;2;REGION COSTA;18;152;3427;407049;2788793;136656;2;SERVICIOS
9;GUAYAS;2;REGION COSTA;4;103;1664;1256893;2476136;67468;2;SERVICIOS
9;GUAYAS;2;REGION COSTA;25;90;2401;74658;1389402;66839;2;SERVICIOS
9;GUAYAS;2;REGION COSTA;5;38;0;149790;764758;39569;2;SERVICIOS
9;GUAYAS;2;REGION COSTA;261;2007;669651;558907;20943806;985043;2;SERVICIOS
17;PICHINCHA;1;REGION SIERRA;14;95;4459;687923;2046326;82783;2;SERVICIOS
1;AZUAY;1;REGION SIERRA;39;276;401757;76615;5574499;232476;2;SERVICIOS
17;PICHINCHA;1;REGION SIERRA;21;91;66447;22987;1760324;76089;2;SERVICIOS
17;PICHINCHA;1;REGION SIERRA;10;36;9931;171597;765528;31436;2;SERVICIOS
21;SUCUMBIOS;3;REGION AMAZONICA;12;12;6011;5590;266187;10578;1;HOTELES Y RESTAURANTES
22;ORELLANA;3;REGION AMAZONICA;2;0;200;5624;56815;1718;1;HOTELES Y RESTAURANTES
22;ORELLANA;3;REGION AMAZONICA;6;2;0;0;58239;3200;1;HOTELES Y RESTAURANTES
16;PASTAZA;3;REGION AMAZONICA;4;8;0;0;72175;2326;1;HOTELES Y RESTAURANTES
21;SUCUMBIOS;3;REGION AMAZONICA;5;1;0;0;43722;1041;1;HOTELES Y RESTAURANTES
16;PASTAZA;3;REGION AMAZONICA;1;4;2421;0;33494;0;1;HOTELES Y RESTAURANTES
22;ORELLANA;3;REGION AMAZONICA;1;4;0;11428;37159;1170;1;HOTELES Y RESTAURANTES
16;PASTAZA;3;REGION AMAZONICA;2;1;0;0;15100;935;1;HOTELES Y RESTAURANTES
22;ORELLANA;3;REGION AMAZONICA;2;1;19;0;34085;0;1;HOTELES Y RESTAURANTES
14;MORONA SANTIAGO;3;REGION AMAZONICA;4;5;0;0;67994;3590;1;HOTELES Y RESTAURANTES
15;NAPO;3;REGION AMAZONICA;1;5;0;27000;42665;2039;1;HOTELES Y RESTAURANTES
19;ZAMORA CHINCHIPE;3;REGION AMAZONICA;11;9;0;0;144730;6562;1;HOTELES Y RESTAURANTES
22;ORELLANA;3;REGION AMAZONICA;15;15;2846;0;388594;21430;1;HOTELES Y RESTAURANTES
21;SUCUMBIOS;3;REGION AMAZONICA;4;60;32159;0;750452;40528;1;HOTELES Y RESTAURANTES
15;NAPO;3;REGION AMAZONICA;1;64;59348;0;762631;39084;1;HOTELES Y RESTAURANTES
21;SUCUMBIOS;3;REGION AMAZONICA;10;5;979;10000;117150;5877;1;HOTELES Y RESTAURANTES
9;GUAYAS;2;REGION COSTA;67;72;548;0;1477088;58125;1;HOTELES Y RESTAURANTES
9;GUAYAS;2;REGION COSTA;27;68;38545;20210;1235787;55250;1;HOTELES Y RESTAURANTES
9;GUAYAS;2;REGION COSTA;27;52;25015;0;861074;45713;1;HOTELES Y RESTAURANTES
24;SANTA ELENA;2;REGION COSTA;6;10;0;0;116996;1260;1;HOTELES Y RESTAURANTES
9;GUAYAS;2;REGION COSTA;10;1;0;33244;77959;1589;1;HOTELES Y RESTAURANTES
8;ESMERALDAS;2;REGION COSTA;8;7;0;0;95613;5718;1;HOTELES Y RESTAURANTES
13;MANABI;2;REGION COSTA;4;2;2436;0;67476;3389;1;HOTELES Y RESTAURANTES
8;ESMERALDAS;2;REGION COSTA;6;1;0;0;34698;0;1;HOTELES Y RESTAURANTES
13;MANABI;2;REGION COSTA;0;10;500;0;77586;4871;1;HOTELES Y RESTAURANTES
9;GUAYAS;2;REGION COSTA;5;1;1150;0;53946;1324;1;HOTELES Y RESTAURANTES
7;EL ORO;2;REGION COSTA;2;2;0;3800;39619;1957;1;HOTELES Y RESTAURANTES
9;GUAYAS;2;REGION COSTA;3;3;0;0;24543;0;1;HOTELES Y RESTAURANTES
9;GUAYAS;2;REGION COSTA;5;5;678;39000;87250;4463;1;HOTELES Y RESTAURANTES
8;ESMERALDAS;2;REGION COSTA;24;40;17499;300000;755769;9826;1;HOTELES Y RESTAURANTES
24;SANTA ELENA;2;REGION COSTA;3;7;1565;0;79254;3432;1;HOTELES Y RESTAURANTES
12;LOS0RIOS;2;REGION COSTA;0;0;1304;0;0;0;1;HOTELES Y RESTAURANTES
9;GUAYAS;2;REGION COSTA;4;7;6814;0;74841;3088;1;HOTELES Y RESTAURANTES
9;GUAYAS;2;REGION COSTA;18;3;0;0;198550;10687;1;HOTELES Y RESTAURANTES
7;EL ORO;2;REGION COSTA;21;7;8989;0;187624;8332;1;HOTELES Y RESTAURANTES
9;GUAYAS;2;REGION COSTA;1;3;300;0;23725;1140;1;HOTELES Y RESTAURANTES
9;GUAYAS;2;REGION COSTA;20;64;26888;144043;789474;15363;1;HOTELES Y RESTAURANTES
9;GUAYAS;2;REGION COSTA;34;44;19063;226950;763518;36407;1;HOTELES Y RESTAURANTES
9;GUAYAS;2;REGION COSTA;57;135;63736;0;2191583;102205;1;HOTELES Y RESTAURANTES
7;EL ORO;2;REGION COSTA;24;65;48775;0;763639;35514;1;HOTELES Y RESTAURANTES
9;GUAYAS;2;REGION COSTA;51;101;126752;398167;1203899;77188;1;HOTELES Y RESTAURANTES
9;GUAYAS;2;REGION COSTA;36;56;29891;594981;1054284;61601;1;HOTELES Y RESTAURANTES
9;GUAYAS;2;REGION COSTA;53;146;59490;1185564;2032567;90643;1;HOTELES Y RESTAURANTES
13;MANABI;2;REGION COSTA;38;67;24977;24851;1150962;54334;1;HOTELES Y RESTAURANTES
9;GUAYAS;2;REGION COSTA;21;81;68718;49047;1521282;71405;1;HOTELES Y RESTAURANTES
9;GUAYAS;2;REGION COSTA;47;22;1500;0;651543;27000;1;HOTELES Y RESTAURANTES
9;GUAYAS;2;REGION COSTA;98;256;377142;172576;3624985;160106;1;HOTELES Y RESTAURANTES
9;GUAYAS;2;REGION COSTA;67;72;51138;41666;1911669;67614;1;HOTELES Y RESTAURANTES
9;GUAYAS;2;REGION COSTA;38;168;46085;9362;2556981;129453;1;HOTELES Y RESTAURANTES
9;GUAYAS;2;REGION COSTA;125;354;94699;308000;5615949;130793;1;HOTELES Y RESTAURANTES
24;SANTA ELENA;2;REGION COSTA;50;82;218361;25019;1082136;55986;1;HOTELES Y RESTAURANTES
20;GALAPAGOS;4;REGION INSULAR;30;25;71974;144220;1071103;56196;1;HOTELES Y RESTAURANTES
20;GALAPAGOS;4;REGION INSULAR;2;5;0;0;64752;3355;1;HOTELES Y RESTAURANTES
20;GALAPAGOS;4;REGION INSULAR;7;6;0;0;267544;10510;1;HOTELES Y RESTAURANTES
20;GALAPAGOS;4;REGION INSULAR;27;33;23970;57901;1005760;39368;1;HOTELES Y RESTAURANTES
20;GALAPAGOS;4;REGION INSULAR;26;44;2294;1169;1338582;53477;1;HOTELES Y RESTAURANTES
17;PICHINCHA;1;REGION SIERRA;100;244;386627;0;5293510;227156;1;HOTELES Y RESTAURANTES
23;SANTO DOMINGO;1;REGION SIERRA;22;29;12040;23029;409422;4693;1;HOTELES Y RESTAURANTES
17;PICHINCHA;1;REGION SIERRA;5;11;26261;0;347125;7400;1;HOTELES Y RESTAURANTES
17;PICHINCHA;1;REGION SIERRA;15;33;49479;8487;660224;28185;1;HOTELES Y RESTAURANTES
18;TUNGURAHUA;1;REGION SIERRA;14;19;12093;11204;324275;4664;1;HOTELES Y RESTAURANTES
17;PICHINCHA;1;REGION SIERRA;5;12;0;0;128743;1599;1;HOTELES Y RESTAURANTES
17;PICHINCHA;1;REGION SIERRA;5;5;712;0;87558;3601;1;HOTELES Y RESTAURANTES
23;SANTO DOMINGO;1;REGION SIERRA;8;12;53;0;143308;5291;1;HOTELES Y RESTAURANTES
17;PICHINCHA;1;REGION SIERRA;2;7;0;0;127005;7603;1;HOTELES Y RESTAURANTES
17;PICHINCHA;1;REGION SIERRA;9;7;524;1209;131406;5193;1;HOTELES Y RESTAURANTES
17;PICHINCHA;1;REGION SIERRA;7;3;350;0;92823;691;1;HOTELES Y RESTAURANTES
17;PICHINCHA;1;REGION SIERRA;10;0;450;0;74308;4388;1;HOTELES Y RESTAURANTES
18;TUNGURAHUA;1;REGION SIERRA;5;3;766;0;77589;4581;1;HOTELES Y RESTAURANTES
17;PICHINCHA;1;REGION SIERRA;3;2;0;18187;53720;641;1;HOTELES Y RESTAURANTES
17;PICHINCHA;1;REGION SIERRA;6;4;0;0;73676;2624;1;HOTELES Y RESTAURANTES
4;CARCHI;1;REGION SIERRA;4;5;0;0;117216;6893;1;HOTELES Y RESTAURANTES
17;PICHINCHA;1;REGION SIERRA;4;2;0;3685;46656;2269;1;HOTELES Y RESTAURANTES
6;CHIMBORAZO;1;REGION SIERRA;1;2;0;0;29330;1274;1;HOTELES Y RESTAURANTES
23;SANTO DOMINGO;1;REGION SIERRA;4;3;8722;0;62205;3209;1;HOTELES Y RESTAURANTES
17;PICHINCHA;1;REGION SIERRA;3;3;901;0;54831;1321;1;HOTELES Y RESTAURANTES
17;PICHINCHA;1;REGION SIERRA;6;6;2202;6053;131634;6319;1;HOTELES Y RESTAURANTES
6;CHIMBORAZO;1;REGION SIERRA;7;5;1221;12786;102413;2790;1;HOTELES Y RESTAURANTES
17;PICHINCHA;1;REGION SIERRA;4;13;1372;0;131437;4365;1;HOTELES Y RESTAURANTES
11;LOJA;1;REGION SIERRA;10;8;0;0;131120;1403;1;HOTELES Y RESTAURANTES
5;COTOPAXI;1;REGION SIERRA;2;3;550;0;60721;3805;1;HOTELES Y RESTAURANTES
17;PICHINCHA;1;REGION SIERRA;7;6;169;0;123128;5662;1;HOTELES Y RESTAURANTES
17;PICHINCHA;1;REGION SIERRA;20;38;3727;5950;592788;29732;1;HOTELES Y RESTAURANTES
11;LOJA;1;REGION SIERRA;3;7;2558;0;78495;3456;1;HOTELES Y RESTAURANTES
1;AZUAY;1;REGION SIERRA;3;4;90;0;16700;960;1;HOTELES Y RESTAURANTES
17;PICHINCHA;1;REGION SIERRA;4;14;9774;164000;197709;7899;1;HOTELES Y RESTAURANTES
17;PICHINCHA;1;REGION SIERRA;9;22;1496;19010;205556;10651;1;HOTELES Y RESTAURANTES
10;IMBABURA;1;REGION SIERRA;5;4;4761;26268;123592;6730;1;HOTELES Y RESTAURANTES
18;TUNGURAHUA;1;REGION SIERRA;18;34;4065;268281;473194;28234;1;HOTELES Y RESTAURANTES
11;LOJA;1;REGION SIERRA;25;34;12293;0;553483;31043;1;HOTELES Y RESTAURANTES
10;IMBABURA;1;REGION SIERRA;2;4;639;0;44979;2430;1;HOTELES Y RESTAURANTES
1;AZUAY;1;REGION SIERRA;3;3;266;0;76820;4396;1;HOTELES Y RESTAURANTES
17;PICHINCHA;1;REGION SIERRA;25;78;54810;1080000;1214459;68550;1;HOTELES Y RESTAURANTES
1;AZUAY;1;REGION SIERRA;16;20;11403;32800;255490;8804;1;HOTELES Y RESTAURANTES
17;PICHINCHA;1;REGION SIERRA;12;25;60342;64414;412658;16918;1;HOTELES Y RESTAURANTES
17;PICHINCHA;1;REGION SIERRA;71;77;42370;516717;1517497;63463;1;HOTELES Y RESTAURANTES
11;LOJA;1;REGION SIERRA;12;12;1051;0;144391;6464;1;HOTELES Y RESTAURANTES
17;PICHINCHA;1;REGION SIERRA;20;71;46719;0;1035596;47388;1;HOTELES Y RESTAURANTES
11;LOJA;1;REGION SIERRA;8;4;2395;0;117714;4719;1;HOTELES Y RESTAURANTES
17;PICHINCHA;1;REGION SIERRA;67;192;109082;0;4093509;161458;1;HOTELES Y RESTAURANTES
1;AZUAY;1;REGION SIERRA;11;36;20025;29849;419887;18977;1;HOTELES Y RESTAURANTES
17;PICHINCHA;1;REGION SIERRA;19;49;20522;180000;805537;18322;1;HOTELES Y RESTAURANTES
1;AZUAY;1;REGION SIERRA;46;51;43174;0;986859;41219;1;HOTELES Y RESTAURANTES
17;PICHINCHA;1;REGION SIERRA;50;145;141600;0;2188392;95005;1;HOTELES Y RESTAURANTES
17;PICHINCHA;1;REGION SIERRA;24;50;9269;237242;1335171;57337;1;HOTELES Y RESTAURANTES
17;PICHINCHA;1;REGION SIERRA;59;152;37695;363853;2397215;120643;1;HOTELES Y RESTAURANTES
17;PICHINCHA;1;REGION SIERRA;51;102;79280;0;2052295;84046;1;HOTELES Y RESTAURANTES
17;PICHINCHA;1;REGION SIERRA;189;455;212384;0;6213521;277166;1;HOTELES Y RESTAURANTES
17;PICHINCHA;1;REGION SIERRA;629;908;763694;278087;11125774;89832;1;HOTELES Y RESTAURANTES
1;AZUAY;1;REGION SIERRA;39;44;6401;64822;649362;33079;1;HOTELES Y RESTAURANTES
17;PICHINCHA;1;REGION SIERRA;20;46;26532;0;991339;45241;1;HOTELES Y RESTAURANTES
17;PICHINCHA;1;REGION SIERRA;105;316;196637;0;5854949;242700;1;HOTELES Y RESTAURANTES
17;PICHINCHA;1;REGION SIERRA;22;19;350;0;520015;27315;1;HOTELES Y RESTAURANTES
22;ORELLANA;3;REGION AMAZONICA;3;3;258;27649;25356;951;1;HOTELES Y RESTAURANTES
22;ORELLANA;3;REGION AMAZONICA;2;1;0;0;18290;505;1;HOTELES Y RESTAURANTES
21;SUCUMBIOS;3;REGION AMAZONICA;13;224;180;3899;1325991;76465;1;HOTELES Y RESTAURANTES
9;GUAYAS;2;REGION COSTA;7;9;665;425052;968378;43816;1;HOTELES Y RESTAURANTES
9;GUAYAS;2;REGION COSTA;31;50;48;67302;689216;34785;1;HOTELES Y RESTAURANTES
9;GUAYAS;2;REGION COSTA;60;5;16200;148225;472690;27577;1;HOTELES Y RESTAURANTES
9;GUAYAS;2;REGION COSTA;7;25;0;0;249766;15011;1;HOTELES Y RESTAURANTES
9;GUAYAS;2;REGION COSTA;7;14;3883;44164;160144;8192;1;HOTELES Y RESTAURANTES
9;GUAYAS;2;REGION COSTA;7;8;0;3600;154317;9953;1;HOTELES Y RESTAURANTES
9;GUAYAS;2;REGION COSTA;3;8;9;15;149788;5486;1;HOTELES Y RESTAURANTES
9;GUAYAS;2;REGION COSTA;9;9;0;58304;131154;9700;1;HOTELES Y RESTAURANTES
9;GUAYAS;2;REGION COSTA;3;17;0;0;125889;7049;1;HOTELES Y RESTAURANTES
8;ESMERALDAS;2;REGION COSTA;5;7;2924;12251;112872;6594;1;HOTELES Y RESTAURANTES
24;SANTA ELENA;2;REGION COSTA;0;6;12;0;86970;3607;1;HOTELES Y RESTAURANTES
7;EL ORO;2;REGION COSTA;8;11;2100;43663;142139;8587;1;HOTELES Y RESTAURANTES
9;GUAYAS;2;REGION COSTA;2;12;0;12000;92428;5605;1;HOTELES Y RESTAURANTES
9;GUAYAS;2;REGION COSTA;5;7;109;44990;85285;4918;1;HOTELES Y RESTAURANTES
9;GUAYAS;2;REGION COSTA;3;1;0;7260;49693;2710;1;HOTELES Y RESTAURANTES
9;GUAYAS;2;REGION COSTA;1;4;0;0;39329;1709;1;HOTELES Y RESTAURANTES
9;GUAYAS;2;REGION COSTA;2;4;0;18191;34883;1768;1;HOTELES Y RESTAURANTES
13;MANABI;2;REGION COSTA;2;3;0;0;36682;2215;1;HOTELES Y RESTAURANTES
9;GUAYAS;2;REGION COSTA;1;0;0;0;18153;531;1;HOTELES Y RESTAURANTES
13;MANABI;2;REGION COSTA;2;2;0;2000;43579;0;1;HOTELES Y RESTAURANTES
13;MANABI;2;REGION COSTA;0;0;0;0;11617;0;1;HOTELES Y RESTAURANTES
13;MANABI;2;REGION COSTA;4;3;450;0;38561;1563;1;HOTELES Y RESTAURANTES
9;GUAYAS;2;REGION COSTA;3;2;1140;18954;24666;1309;1;HOTELES Y RESTAURANTES
9;GUAYAS;2;REGION COSTA;4;6;0;22611;108508;4536;1;HOTELES Y RESTAURANTES
9;GUAYAS;2;REGION COSTA;17;2;0;50599;213679;11179;1;HOTELES Y RESTAURANTES
7;EL ORO;2;REGION COSTA;3;3;350;10875;51823;0;1;HOTELES Y RESTAURANTES
9;GUAYAS;2;REGION COSTA;5;25;0;0;269604;13823;1;HOTELES Y RESTAURANTES
9;GUAYAS;2;REGION COSTA;2;19;700;132000;378156;15000;1;HOTELES Y RESTAURANTES
7;EL ORO;2;REGION COSTA;0;15;0;34714;148981;7137;1;HOTELES Y RESTAURANTES
9;GUAYAS;2;REGION COSTA;35;92;0;23186;1115370;59089;1;HOTELES Y RESTAURANTES
9;GUAYAS;2;REGION COSTA;40;84;0;0;1376029;66237;1;HOTELES Y RESTAURANTES
9;GUAYAS;2;REGION COSTA;7;17;2645;38490;178369;9566;1;HOTELES Y RESTAURANTES
9;GUAYAS;2;REGION COSTA;15;14;0;0;139512;5440;1;HOTELES Y RESTAURANTES
9;GUAYAS;2;REGION COSTA;12;12;0;28944;218570;7926;1;HOTELES Y RESTAURANTES
9;GUAYAS;2;REGION COSTA;15;21;2332;28790;274616;15709;1;HOTELES Y RESTAURANTES
9;GUAYAS;2;REGION COSTA;24;74;22596;184638;593514;27642;1;HOTELES Y RESTAURANTES
9;GUAYAS;2;REGION COSTA;9;37;0;32030;811784;49317;1;HOTELES Y RESTAURANTES
9;GUAYAS;2;REGION COSTA;49;103;711;35165;1673593;84526;1;HOTELES Y RESTAURANTES
9;GUAYAS;2;REGION COSTA;1;2;0;4284;103489;5360;1;HOTELES Y RESTAURANTES
9;GUAYAS;2;REGION COSTA;6;43;7187;147000;417325;22257;1;HOTELES Y RESTAURANTES
9;GUAYAS;2;REGION COSTA;69;80;27181;554478;1121875;47857;1;HOTELES Y RESTAURANTES
9;GUAYAS;2;REGION COSTA;9;236;4160;303650;1729963;97787;1;HOTELES Y RESTAURANTES
9;GUAYAS;2;REGION COSTA;2;8;308;20010;59010;3282;1;HOTELES Y RESTAURANTES
9;GUAYAS;2;REGION COSTA;26;31;0;0;508594;25772;1;HOTELES Y RESTAURANTES
9;GUAYAS;2;REGION COSTA;47;32;6360;8000;663827;24686;1;HOTELES Y RESTAURANTES
9;GUAYAS;2;REGION COSTA;175;545;3099;175500;8174991;460727;1;HOTELES Y RESTAURANTES
9;GUAYAS;2;REGION COSTA;29;152;11788;97161;1684613;64260;1;HOTELES Y RESTAURANTES
9;GUAYAS;2;REGION COSTA;18;82;20866;48000;1266352;84000;1;HOTELES Y RESTAURANTES
9;GUAYAS;2;REGION COSTA;210;160;17644;485443;2836311;109335;1;HOTELES Y RESTAURANTES
9;GUAYAS;2;REGION COSTA;10;34;9894;55848;439038;21445;1;HOTELES Y RESTAURANTES
9;GUAYAS;2;REGION COSTA;67;122;39604;376911;1532466;45314;1;HOTELES Y RESTAURANTES
9;GUAYAS;2;REGION COSTA;100;656;0;344338;5390329;311633;1;HOTELES Y RESTAURANTES
9;GUAYAS;2;REGION COSTA;652;550;1951831;1503179;7923972;295706;1;HOTELES Y RESTAURANTES
9;GUAYAS;2;REGION COSTA;47;63;43793;253643;1688950;58265;1;HOTELES Y RESTAURANTES
9;GUAYAS;2;REGION COSTA;416;490;310499;2108064;8313734;261451;1;HOTELES Y RESTAURANTES
9;GUAYAS;2;REGION COSTA;137;124;3422;829397;1687470;75132;1;HOTELES Y RESTAURANTES
17;PICHINCHA;1;REGION SIERRA;391;1238;46175;1012933;14851933;844751;1;HOTELES Y RESTAURANTES
17;PICHINCHA;1;REGION SIERRA;210;410;177310;2151462;8038898;322113;1;HOTELES Y RESTAURANTES
17;PICHINCHA;1;REGION SIERRA;28;367;170105;808204;2895918;110948;1;HOTELES Y RESTAURANTES
17;PICHINCHA;1;REGION SIERRA;12;134;0;70490;2246002;136141;1;HOTELES Y RESTAURANTES
17;PICHINCHA;1;REGION SIERRA;59;115;90111;18069;1628894;70567;1;HOTELES Y RESTAURANTES
17;PICHINCHA;1;REGION SIERRA;25;71;6267;223789;1036077;55415;1;HOTELES Y RESTAURANTES
17;PICHINCHA;1;REGION SIERRA;47;48;3617;138997;988410;37022;1;HOTELES Y RESTAURANTES
17;PICHINCHA;1;REGION SIERRA;16;78;3804;60177;902180;52689;1;HOTELES Y RESTAURANTES
17;PICHINCHA;1;REGION SIERRA;38;17;40;0;721841;38474;1;HOTELES Y RESTAURANTES
17;PICHINCHA;1;REGION SIERRA;1;11;6480;56400;346636;12370;1;HOTELES Y RESTAURANTES
17;PICHINCHA;1;REGION SIERRA;1;8;0;0;622096;36623;1;HOTELES Y RESTAURANTES
17;PICHINCHA;1;REGION SIERRA;28;24;43358;275359;408799;9017;1;HOTELES Y RESTAURANTES
17;PICHINCHA;1;REGION SIERRA;10;18;0;31200;256741;9461;1;HOTELES Y RESTAURANTES
17;PICHINCHA;1;REGION SIERRA;5;13;28;49571;175280;8166;1;HOTELES Y RESTAURANTES
17;PICHINCHA;1;REGION SIERRA;1;25;15480;174823;221810;11648;1;HOTELES Y RESTAURANTES
17;PICHINCHA;1;REGION SIERRA;2;21;1497;196;232890;11828;1;HOTELES Y RESTAURANTES
17;PICHINCHA;1;REGION SIERRA;5;6;2418;31915;216745;9812;1;HOTELES Y RESTAURANTES
17;PICHINCHA;1;REGION SIERRA;4;7;4168;38060;170943;3008;1;HOTELES Y RESTAURANTES
17;PICHINCHA;1;REGION SIERRA;13;10;0;0;172719;6921;1;HOTELES Y RESTAURANTES
17;PICHINCHA;1;REGION SIERRA;3;18;0;67932;151870;6038;1;HOTELES Y RESTAURANTES
17;PICHINCHA;1;REGION SIERRA;2;18;0;0;166630;8929;1;HOTELES Y RESTAURANTES
17;PICHINCHA;1;REGION SIERRA;2;12;3177;40134;160901;11961;1;HOTELES Y RESTAURANTES
17;PICHINCHA;1;REGION SIERRA;6;11;1906;48792;138588;6657;1;HOTELES Y RESTAURANTES
1;AZUAY;1;REGION SIERRA;7;4;658;20429;155321;9501;1;HOTELES Y RESTAURANTES
17;PICHINCHA;1;REGION SIERRA;10;9;0;825;135504;6913;1;HOTELES Y RESTAURANTES
1;AZUAY;1;REGION SIERRA;5;6;168;18663;76013;2753;1;HOTELES Y RESTAURANTES
17;PICHINCHA;1;REGION SIERRA;0;10;0;8904;89238;3540;1;HOTELES Y RESTAURANTES
1;AZUAY;1;REGION SIERRA;1;5;536;16392;111099;5293;1;HOTELES Y RESTAURANTES
17;PICHINCHA;1;REGION SIERRA;2;10;0;64286;82987;3487;1;HOTELES Y RESTAURANTES
11;LOJA;1;REGION SIERRA;7;6;0;0;86332;3731;1;HOTELES Y RESTAURANTES
17;PICHINCHA;1;REGION SIERRA;5;7;1100;15771;84338;5821;1;HOTELES Y RESTAURANTES
17;PICHINCHA;1;REGION SIERRA;5;7;300;0;70827;3277;1;HOTELES Y RESTAURANTES
11;LOJA;1;REGION SIERRA;7;5;0;2455;81239;4487;1;HOTELES Y RESTAURANTES
17;PICHINCHA;1;REGION SIERRA;3;3;0;0;51484;1873;1;HOTELES Y RESTAURANTES
23;SANTO DOMINGO;1;REGION SIERRA;3;4;0;0;44037;2449;1;HOTELES Y RESTAURANTES
17;PICHINCHA;1;REGION SIERRA;4;7;1313;18156;54547;1508;1;HOTELES Y RESTAURANTES
17;PICHINCHA;1;REGION SIERRA;9;9;0;0;60294;3678;1;HOTELES Y RESTAURANTES
17;PICHINCHA;1;REGION SIERRA;5;6;0;10884;73745;0;1;HOTELES Y RESTAURANTES
17;PICHINCHA;1;REGION SIERRA;1;10;0;21700;64048;2513;1;HOTELES Y RESTAURANTES
17;PICHINCHA;1;REGION SIERRA;3;2;0;0;30473;1378;1;HOTELES Y RESTAURANTES
17;PICHINCHA;1;REGION SIERRA;6;1;0;6115;58881;2990;1;HOTELES Y RESTAURANTES
10;IMBABURA;1;REGION SIERRA;3;3;0;0;29152;1548;1;HOTELES Y RESTAURANTES
17;PICHINCHA;1;REGION SIERRA;5;0;509;0;45006;2098;1;HOTELES Y RESTAURANTES
6;CHIMBORAZO;1;REGION SIERRA;2;3;3000;13000;40205;1721;1;HOTELES Y RESTAURANTES
17;PICHINCHA;1;REGION SIERRA;5;0;0;1100;29949;1915;1;HOTELES Y RESTAURANTES
17;PICHINCHA;1;REGION SIERRA;6;1;219;5852;59082;3252;1;HOTELES Y RESTAURANTES
1;AZUAY;1;REGION SIERRA;4;3;1440;27600;53724;3188;1;HOTELES Y RESTAURANTES
6;CHIMBORAZO;1;REGION SIERRA;10;3;0;14190;34061;345;1;HOTELES Y RESTAURANTES
17;PICHINCHA;1;REGION SIERRA;19;114;3574;1957;3329715;139436;1;HOTELES Y RESTAURANTES
17;PICHINCHA;1;REGION SIERRA;3;10;125;31200;72468;3755;1;HOTELES Y RESTAURANTES
17;PICHINCHA;1;REGION SIERRA;4;0;0;8400;18995;41;1;HOTELES Y RESTAURANTES
17;PICHINCHA;1;REGION SIERRA;17;15;8055;52356;252786;11996;1;HOTELES Y RESTAURANTES
18;TUNGURAHUA;1;REGION SIERRA;4;25;10485;84000;317774;12822;1;HOTELES Y RESTAURANTES
17;PICHINCHA;1;REGION SIERRA;7;11;0;129366;391593;20404;1;HOTELES Y RESTAURANTES
17;PICHINCHA;1;REGION SIERRA;12;16;0;109631;223222;7831;1;HOTELES Y RESTAURANTES
1;AZUAY;1;REGION SIERRA;3;6;152;28800;78726;3910;1;HOTELES Y RESTAURANTES
17;PICHINCHA;1;REGION SIERRA;1;24;13054;177275;202922;11063;1;HOTELES Y RESTAURANTES
18;TUNGURAHUA;1;REGION SIERRA;15;5;21704;32222;151220;2235;1;HOTELES Y RESTAURANTES
17;PICHINCHA;1;REGION SIERRA;7;9;2542;36000;120777;5460;1;HOTELES Y RESTAURANTES
17;PICHINCHA;1;REGION SIERRA;51;80;7143;22213;1301103;70631;1;HOTELES Y RESTAURANTES
17;PICHINCHA;1;REGION SIERRA;15;17;0;18462;351882;2548;1;HOTELES Y RESTAURANTES
17;PICHINCHA;1;REGION SIERRA;2;14;6143;38750;173906;7554;1;HOTELES Y RESTAURANTES
1;AZUAY;1;REGION SIERRA;44;11;6602;19205;703391;42996;1;HOTELES Y RESTAURANTES
1;AZUAY;1;REGION SIERRA;8;1;0;0;90496;5218;1;HOTELES Y RESTAURANTES
17;PICHINCHA;1;REGION SIERRA;37;580;0;217263;7935063;381155;1;HOTELES Y RESTAURANTES
17;PICHINCHA;1;REGION SIERRA;4;33;0;9230;486925;28400;1;HOTELES Y RESTAURANTES
1;AZUAY;1;REGION SIERRA;22;12;9574;69192;304439;2196;1;HOTELES Y RESTAURANTES
17;PICHINCHA;1;REGION SIERRA;37;81;200632;1200;917653;36570;1;HOTELES Y RESTAURANTES
17;PICHINCHA;1;REGION SIERRA;41;30;0;110436;691599;35921;1;HOTELES Y RESTAURANTES
17;PICHINCHA;1;REGION SIERRA;5;12;52016;48892;158705;7351;1;HOTELES Y RESTAURANTES
17;PICHINCHA;1;REGION SIERRA;131;122;2307;59177;2412079;158436;1;HOTELES Y RESTAURANTES
18;TUNGURAHUA;1;REGION SIERRA;5;10;2848;0;167063;8735;1;HOTELES Y RESTAURANTES
1;AZUAY;1;REGION SIERRA;5;10;72;9784;163043;4141;1;HOTELES Y RESTAURANTES
17;PICHINCHA;1;REGION SIERRA;19;29;63861;2446;473506;23597;1;HOTELES Y RESTAURANTES
17;PICHINCHA;1;REGION SIERRA;40;49;0;737;599008;25952;1;HOTELES Y RESTAURANTES
17;PICHINCHA;1;REGION SIERRA;7;1;0;0;85252;5066;1;HOTELES Y RESTAURANTES
17;PICHINCHA;1;REGION SIERRA;42;54;0;466910;733735;39126;1;HOTELES Y RESTAURANTES
17;PICHINCHA;1;REGION SIERRA;57;49;6045;124421;838190;34473;1;HOTELES Y RESTAURANTES
17;PICHINCHA;1;REGION SIERRA;20;33;9320;96412;665959;28296;1;HOTELES Y RESTAURANTES
17;PICHINCHA;1;REGION SIERRA;22;59;1540;197310;837188;32614;1;HOTELES Y RESTAURANTES
17;PICHINCHA;1;REGION SIERRA;63;68;102045;196223;925825;38180;1;HOTELES Y RESTAURANTES
17;PICHINCHA;1;REGION SIERRA;32;11;4872;130564;547705;23038;1;HOTELES Y RESTAURANTES
18;TUNGURAHUA;1;REGION SIERRA;6;7;3585;0;120738;6754;1;HOTELES Y RESTAURANTES
17;PICHINCHA;1;REGION SIERRA;40;37;14222;92328;685376;34527;1;HOTELES Y RESTAURANTES
17;PICHINCHA;1;REGION SIERRA;11;89;65627;277097;826862;23199;1;HOTELES Y RESTAURANTES
17;PICHINCHA;1;REGION SIERRA;89;158;447565;499185;2073286;71499;1;HOTELES Y RESTAURANTES
17;PICHINCHA;1;REGION SIERRA;159;172;116;32396;2188100;45262;1;HOTELES Y RESTAURANTES
17;PICHINCHA;1;REGION SIERRA;16;39;8406;75000;536340;20763;1;HOTELES Y RESTAURANTES
17;PICHINCHA;1;REGION SIERRA;194;21;96481;502226;2920740;66538;1;HOTELES Y RESTAURANTES
17;PICHINCHA;1;REGION SIERRA;53;62;32157;348263;1151987;41618;1;HOTELES Y RESTAURANTES
17;PICHINCHA;1;REGION SIERRA;47;112;17612;60044;2026033;64690;1;HOTELES Y RESTAURANTES
1;AZUAY;1;REGION SIERRA;21;23;18965;0;297295;17961;1;HOTELES Y RESTAURANTES
17;PICHINCHA;1;REGION SIERRA;95;188;100935;812133;2787374;105394;1;HOTELES Y RESTAURANTES
17;PICHINCHA;1;REGION SIERRA;38;42;0;308431;1131274;53634;1;HOTELES Y RESTAURANTES
18;TUNGURAHUA;1;REGION SIERRA;21;51;50612;10584;639866;28819;1;HOTELES Y RESTAURANTES
17;PICHINCHA;1;REGION SIERRA;250;433;974424;1931485;5551200;144455;1;HOTELES Y RESTAURANTES
17;PICHINCHA;1;REGION SIERRA;102;232;454487;423302;3857842;145258;1;HOTELES Y RESTAURANTES
17;PICHINCHA;1;REGION SIERRA;480;533;362172;2883019;7745740;299405;1;HOTELES Y RESTAURANTES
17;PICHINCHA;1;REGION SIERRA;64;199;11209;161359;3461542;183008;1;HOTELES Y RESTAURANTES
17;PICHINCHA;1;REGION SIERRA;86;76;28465;340149;1654290;99481;1;HOTELES Y RESTAURANTES
17;PICHINCHA;1;REGION SIERRA;48;13;2304;160310;461760;31605;1;HOTELES Y RESTAURANTES
17;PICHINCHA;1;REGION SIERRA;40;35;0;417167;697544;38495;1;HOTELES Y RESTAURANTES
17;PICHINCHA;1;REGION SIERRA;922;626;695702;5878818;12110880;514845;1;HOTELES Y RESTAURANTES
17;PICHINCHA;1;REGION SIERRA;139;68;0;65278;1715179;87521;1;HOTELES Y RESTAURANTES
17;PICHINCHA;1;REGION SIERRA;1796;2374;11829038;12896513;35265404;1738023;1;HOTELES Y RESTAURANTES
17;PICHINCHA;1;REGION SIERRA;170;582;308325;1529013;7946014;359720;1;HOTELES Y RESTAURANTES
8;ESMERALDAS;2;REGION COSTA;7;8;0;0;110402;571;2;SERVICIOS
9;GUAYAS;2;REGION COSTA;5;2;5450;9288;102663;7074;2;SERVICIOS
17;PICHINCHA;1;REGION SIERRA;86;114;222427;0;7655462;400777;2;SERVICIOS
17;PICHINCHA;1;REGION SIERRA;1;1;87811;7200;108372;784;2;SERVICIOS
17;PICHINCHA;1;REGION SIERRA;3;1;975;10353;283688;12991;2;SERVICIOS
17;PICHINCHA;1;REGION SIERRA;8;3;872716;0;355340;16708;2;SERVICIOS
17;PICHINCHA;1;REGION SIERRA;3;1;0;6460;42149;2076;2;SERVICIOS
6;CHIMBORAZO;1;REGION SIERRA;19;19;10213;13921;546179;15453;2;SERVICIOS
17;PICHINCHA;1;REGION SIERRA;15;4;106632;47373;590590;25879;2;SERVICIOS
23;SANTO DOMINGO;1;REGION SIERRA;19;9;50601;3000;502309;14229;2;SERVICIOS
17;PICHINCHA;1;REGION SIERRA;3;5;17808;14430;193262;11137;2;SERVICIOS
17;PICHINCHA;1;REGION SIERRA;8;13;1549;35284;298487;16928;2;SERVICIOS
17;PICHINCHA;1;REGION SIERRA;16;47;0;2553;547843;12345;2;SERVICIOS
9;GUAYAS;2;REGION COSTA;2;1;96000;15806;71265;2563;2;SERVICIOS
9;GUAYAS;2;REGION COSTA;364;447;457509;3521258;7401768;273831;2;SERVICIOS
17;PICHINCHA;1;REGION SIERRA;31;27;6409;64524;916695;46328;2;SERVICIOS
17;PICHINCHA;1;REGION SIERRA;2;3;10494;10698;95296;3208;2;SERVICIOS
17;PICHINCHA;1;REGION SIERRA;1;7;4500;0;63068;3816;2;SERVICIOS
17;PICHINCHA;1;REGION SIERRA;3;4;3449;22896;138528;9303;2;SERVICIOS
11;LOJA;1;REGION SIERRA;10;10;18144;0;298657;10237;2;SERVICIOS
17;PICHINCHA;1;REGION SIERRA;220;215;777355;1043228;4856187;166024;2;SERVICIOS
17;PICHINCHA;1;REGION SIERRA;148;139;1168924;2463167;3173083;143806;2;SERVICIOS
14;MORONA SANTIAGO;3;REGION AMAZONICA;7;6;0;19200;115117;7651;2;SERVICIOS
9;GUAYAS;2;REGION COSTA;37;70;0;10946;1895262;114089;2;SERVICIOS
12;LOS0RIOS;2;REGION COSTA;1;5;4474;0;35926;2012;2;SERVICIOS
12;LOS0RIOS;2;REGION COSTA;1;9;10400;3960;106797;5846;2;SERVICIOS
7;EL ORO;2;REGION COSTA;19;19;19895;66411;417987;18663;2;SERVICIOS
9;GUAYAS;2;REGION COSTA;34;84;0;15613;2340027;123025;2;SERVICIOS
9;GUAYAS;2;REGION COSTA;102;150;337284;310899;6581246;382704;2;SERVICIOS
9;GUAYAS;2;REGION COSTA;170;293;341434;228840;10689900;605648;2;SERVICIOS
9;GUAYAS;2;REGION COSTA;168;354;1990990;0;15889304;863480;2;SERVICIOS
9;GUAYAS;2;REGION COSTA;101;236;690275;540027;4823992;243044;2;SERVICIOS
17;PICHINCHA;1;REGION SIERRA;76;163;681244;259803;7412278;232319;2;SERVICIOS
23;SANTO DOMINGO;1;REGION SIERRA;14;32;76021;0;351794;21908;2;SERVICIOS
17;PICHINCHA;1;REGION SIERRA;5;16;17329;41149;197673;8286;2;SERVICIOS
10;IMBABURA;1;REGION SIERRA;1;4;0;0;31640;0;2;SERVICIOS
11;LOJA;1;REGION SIERRA;6;9;40;0;72601;3473;2;SERVICIOS
2;BOLIVAR;1;REGION SIERRA;6;2;127;23176;98984;4712;2;SERVICIOS
1;AZUAY;1;REGION SIERRA;6;12;870;5016;322481;18366;2;SERVICIOS
5;COTOPAXI;1;REGION SIERRA;5;9;0;0;103320;5855;2;SERVICIOS
17;PICHINCHA;1;REGION SIERRA;71;159;49974;190564;5742349;292635;2;SERVICIOS
22;ORELLANA;3;REGION AMAZONICA;2;10;0;3380;188898;4021;2;SERVICIOS
21;SUCUMBIOS;3;REGION AMAZONICA;2;11;0;0;127372;5305;2;SERVICIOS
22;ORELLANA;3;REGION AMAZONICA;0;0;0;0;0;0;2;SERVICIOS
15;NAPO;3;REGION AMAZONICA;3;5;3078;16862;107005;6569;2;SERVICIOS
9;GUAYAS;2;REGION COSTA;0;0;221;6987;15537;999;2;SERVICIOS
9;GUAYAS;2;REGION COSTA;3;1;0;36000;37291;1730;2;SERVICIOS
9;GUAYAS;2;REGION COSTA;6;17;2372;15623;243428;12351;2;SERVICIOS
9;GUAYAS;2;REGION COSTA;13;51;95582;100281;1179185;61918;2;SERVICIOS
7;EL ORO;2;REGION COSTA;50;32;36780;106517;244491;12181;2;SERVICIOS
9;GUAYAS;2;REGION COSTA;14;63;0;221665;7788022;512597;2;SERVICIOS
13;MANABI;2;REGION COSTA;7;13;14856;14821;320928;17192;2;SERVICIOS
9;GUAYAS;2;REGION COSTA;183;308;180297;31482;4640912;236189;2;SERVICIOS
9;GUAYAS;2;REGION COSTA;17;34;0;47168;1112011;50065;2;SERVICIOS
9;GUAYAS;2;REGION COSTA;157;429;2748448;1513850;7695994;470808;2;SERVICIOS
9;GUAYAS;2;REGION COSTA;127;342;10242;654039;6528229;257083;2;SERVICIOS
9;GUAYAS;2;REGION COSTA;241;387;2875190;1851760;8140081;440221;2;SERVICIOS
9;GUAYAS;2;REGION COSTA;269;2028;1917371;4436670;30956384;1213100;2;SERVICIOS
9;GUAYAS;2;REGION COSTA;1183;1353;98577420;27896989;109929302;2976950;2;SERVICIOS
17;PICHINCHA;1;REGION SIERRA;8;40;0;303375;3994880;236787;2;SERVICIOS
17;PICHINCHA;1;REGION SIERRA;8;13;0;138654;1893068;114618;2;SERVICIOS
17;PICHINCHA;1;REGION SIERRA;2;0;0;3600;52264;1882;2;SERVICIOS
17;PICHINCHA;1;REGION SIERRA;3;1;0;3600;42509;2645;2;SERVICIOS
11;LOJA;1;REGION SIERRA;6;3;1553;35759;179181;10670;2;SERVICIOS
18;TUNGURAHUA;1;REGION SIERRA;5;0;3327;14272;80234;4119;2;SERVICIOS
17;PICHINCHA;1;REGION SIERRA;2;1;579398;19656;210073;11910;2;SERVICIOS
17;PICHINCHA;1;REGION SIERRA;2;6;0;8994;82140;4379;2;SERVICIOS
17;PICHINCHA;1;REGION SIERRA;3;2;0;0;59548;3125;2;SERVICIOS
17;PICHINCHA;1;REGION SIERRA;4;2;0;15837;917623;3291;2;SERVICIOS
17;PICHINCHA;1;REGION SIERRA;1;8;0;6272;133076;7610;2;SERVICIOS
17;PICHINCHA;1;REGION SIERRA;30;10;6986;72750;2580190;123225;2;SERVICIOS
17;PICHINCHA;1;REGION SIERRA;4;4;220;17100;575188;31071;2;SERVICIOS
17;PICHINCHA;1;REGION SIERRA;16;21;5555;29366;646742;37049;2;SERVICIOS
17;PICHINCHA;1;REGION SIERRA;10;57;2156;186004;1214900;62497;2;SERVICIOS
1;AZUAY;1;REGION SIERRA;9;32;204595;19945;448422;16541;2;SERVICIOS
3;CANIAR;1;REGION SIERRA;8;6;16149;21124;206809;11887;2;SERVICIOS
17;PICHINCHA;1;REGION SIERRA;10;14;2532;59139;560937;20119;2;SERVICIOS
17;PICHINCHA;1;REGION SIERRA;49;76;6587;79873;2045896;77082;2;SERVICIOS
17;PICHINCHA;1;REGION SIERRA;115;327;986292;837914;6562970;253682;2;SERVICIOS
17;PICHINCHA;1;REGION SIERRA;81;103;272902;403270;3528740;147122;2;SERVICIOS
1;AZUAY;1;REGION SIERRA;320;1052;414465;895965;28029952;1445996;2;SERVICIOS
17;PICHINCHA;1;REGION SIERRA;67;239;4281370;1945455;14925997;162809;2;SERVICIOS
17;PICHINCHA;1;REGION SIERRA;172;474;1306356;145821;9796007;461016;2;SERVICIOS
17;PICHINCHA;1;REGION SIERRA;20;67;0;427214;4290749;25404;2;SERVICIOS
17;PICHINCHA;1;REGION SIERRA;162;263;12224;264993;5954767;190530;2;SERVICIOS
17;PICHINCHA;1;REGION SIERRA;133;213;9944407;2284873;11117656;487434;2;SERVICIOS
17;PICHINCHA;1;REGION SIERRA;543;793;18249198;23095191;51008826;1083957;2;SERVICIOS
17;PICHINCHA;1;REGION SIERRA;3318;5185;18842027;9418145;164637202;7664198;2;SERVICIOS
9;GUAYAS;2;REGION COSTA;17;47;4547;51855;708953;34307;2;SERVICIOS
9;GUAYAS;2;REGION COSTA;4;5;444;10877;84819;2920;2;SERVICIOS
9;GUAYAS;2;REGION COSTA;4;4;0;6693;102149;5490;2;SERVICIOS
17;PICHINCHA;1;REGION SIERRA;1091;1473;9668077;561674;44417061;3154042;2;SERVICIOS
17;PICHINCHA;1;REGION SIERRA;3;13;2500;12293;358531;21236;2;SERVICIOS
17;PICHINCHA;1;REGION SIERRA;0;4;0;7174;184313;10243;2;SERVICIOS
17;PICHINCHA;1;REGION SIERRA;2;3;319;3810;183342;10023;2;SERVICIOS
17;PICHINCHA;1;REGION SIERRA;2;0;17090;3000;59906;849;2;SERVICIOS
17;PICHINCHA;1;REGION SIERRA;0;0;15991;0;20011;1371;2;SERVICIOS
17;PICHINCHA;1;REGION SIERRA;2;2;164;0;32660;543;2;SERVICIOS
17;PICHINCHA;1;REGION SIERRA;1;0;0;0;16731;0;2;SERVICIOS
17;PICHINCHA;1;REGION SIERRA;3;4;36;5061;179149;2653;2;SERVICIOS
17;PICHINCHA;1;REGION SIERRA;12;16;1375;42470;1016608;62709;2;SERVICIOS
17;PICHINCHA;1;REGION SIERRA;2;1;1650;10560;134972;6955;2;SERVICIOS
17;PICHINCHA;1;REGION SIERRA;1;1;0;0;73699;2738;2;SERVICIOS
17;PICHINCHA;1;REGION SIERRA;17;21;41056;9600;1427937;86057;2;SERVICIOS
17;PICHINCHA;1;REGION SIERRA;13;25;0;80478;1365183;69597;2;SERVICIOS
17;PICHINCHA;1;REGION SIERRA;26;51;15580;139242;1384754;59073;2;SERVICIOS
17;PICHINCHA;1;REGION SIERRA;6;9;0;49449;1603134;85055;2;SERVICIOS
17;PICHINCHA;1;REGION SIERRA;10;3;592;25000;380285;5485;2;SERVICIOS
17;PICHINCHA;1;REGION SIERRA;40;42;153348;120195;2221325;100954;2;SERVICIOS
17;PICHINCHA;1;REGION SIERRA;14;19;1216;12900;672929;23583;2;SERVICIOS
17;PICHINCHA;1;REGION SIERRA;13;24;1120;38372;952497;45480;2;SERVICIOS
17;PICHINCHA;1;REGION SIERRA;37;41;8316;51162;2206107;107346;2;SERVICIOS
17;PICHINCHA;1;REGION SIERRA;8;9;47871;9648;473917;21960;2;SERVICIOS
17;PICHINCHA;1;REGION SIERRA;28;17;6544;20987;972387;53401;2;SERVICIOS
17;PICHINCHA;1;REGION SIERRA;1;2;0;8232;144132;3603;2;SERVICIOS
17;PICHINCHA;1;REGION SIERRA;40;60;270;86907;3345804;113609;2;SERVICIOS
17;PICHINCHA;1;REGION SIERRA;132;226;31302;375722;10988508;615926;2;SERVICIOS
17;PICHINCHA;1;REGION SIERRA;88;180;830;144944;5824656;279881;2;SERVICIOS
17;PICHINCHA;1;REGION SIERRA;18;25;495365;240531;5308623;222243;2;SERVICIOS
17;PICHINCHA;1;REGION SIERRA;23;58;15009;85211;2773892;107383;2;SERVICIOS
9;GUAYAS;2;REGION COSTA;61;30;103552;140431;1535037;69841;2;SERVICIOS
17;PICHINCHA;1;REGION SIERRA;10;16;54749;0;524497;17868;2;SERVICIOS
17;PICHINCHA;1;REGION SIERRA;168;77;308101;554024;5298688;179548;2;SERVICIOS
17;PICHINCHA;1;REGION SIERRA;140;88;115945;233818;3478104;149850;2;SERVICIOS
17;PICHINCHA;1;REGION SIERRA;22;19;132;14106;880952;41454;2;SERVICIOS
9;GUAYAS;2;REGION COSTA;22;148;2718;0;3455733;144947;2;SERVICIOS
9;GUAYAS;2;REGION COSTA;0;0;0;0;3843;0;2;SERVICIOS
9;GUAYAS;2;REGION COSTA;1;0;0;536;28259;1612;2;SERVICIOS
13;MANABI;2;REGION COSTA;1;0;0;0;25695;1288;2;SERVICIOS
13;MANABI;2;REGION COSTA;2;7;119;0;53394;3392;2;SERVICIOS
9;GUAYAS;2;REGION COSTA;0;0;0;0;0;0;2;SERVICIOS
9;GUAYAS;2;REGION COSTA;4;2;85;10834;135456;5940;2;SERVICIOS
9;GUAYAS;2;REGION COSTA;43;77;400268;93977;3140789;113314;2;SERVICIOS
9;GUAYAS;2;REGION COSTA;35;25;177757;27390;1057220;33356;2;SERVICIOS
9;GUAYAS;2;REGION COSTA;0;0;1200;3150;0;0;2;SERVICIOS
9;GUAYAS;2;REGION COSTA;6;3;730;22625;266384;12535;2;SERVICIOS
9;GUAYAS;2;REGION COSTA;3;0;0;0;29579;1390;2;SERVICIOS
9;GUAYAS;2;REGION COSTA;74;115;486772;284439;3706527;113398;2;SERVICIOS
9;GUAYAS;2;REGION COSTA;74;99;641648;233747;4496653;229673;2;SERVICIOS
9;GUAYAS;2;REGION COSTA;67;29;175420;128825;1551112;72199;2;SERVICIOS
9;GUAYAS;2;REGION COSTA;60;40;48111;0;4778753;180420;2;SERVICIOS
9;GUAYAS;2;REGION COSTA;0;0;830282;0;0;0;2;SERVICIOS
9;GUAYAS;2;REGION COSTA;0;0;1580179;0;0;0;2;SERVICIOS
17;PICHINCHA;1;REGION SIERRA;59;115;2867681;95423;4638804;149406;2;SERVICIOS
17;PICHINCHA;1;REGION SIERRA;6;5;30532;112787;1178353;2363;2;SERVICIOS
17;PICHINCHA;1;REGION SIERRA;16;12;211959;108692;713919;24992;2;SERVICIOS
17;PICHINCHA;1;REGION SIERRA;10;30;316716;0;566896;26978;2;SERVICIOS
17;PICHINCHA;1;REGION SIERRA;7;9;0;0;311112;14700;2;SERVICIOS
17;PICHINCHA;1;REGION SIERRA;2;1;0;21000;50772;571;2;SERVICIOS
17;PICHINCHA;1;REGION SIERRA;0;0;0;0;0;0;2;SERVICIOS
17;PICHINCHA;1;REGION SIERRA;1;0;0;0;7088;361;2;SERVICIOS
17;PICHINCHA;1;REGION SIERRA;1;0;0;0;21656;862;2;SERVICIOS
23;SANTO DOMINGO;1;REGION SIERRA;0;0;0;0;5103;0;2;SERVICIOS
17;PICHINCHA;1;REGION SIERRA;0;2;0;93795;432629;14525;2;SERVICIOS
1;AZUAY;1;REGION SIERRA;5;3;174;83075;109025;2606;2;SERVICIOS
17;PICHINCHA;1;REGION SIERRA;2;2;75;34434;254715;6997;2;SERVICIOS
9;GUAYAS;2;REGION COSTA;6;11;32442;144680;291925;8796;2;SERVICIOS
9;GUAYAS;2;REGION COSTA;9;7;0;60561;211527;12163;2;SERVICIOS
9;GUAYAS;2;REGION COSTA;14;24;1581;0;849802;35460;2;SERVICIOS
9;GUAYAS;2;REGION COSTA;25;18;1766;195365;1094940;30542;2;SERVICIOS
17;PICHINCHA;1;REGION SIERRA;20;14;7506;83602;935771;49018;2;SERVICIOS
17;PICHINCHA;1;REGION SIERRA;4;0;0;2775;89819;3219;2;SERVICIOS
17;PICHINCHA;1;REGION SIERRA;1;0;14476;23625;264006;10586;2;SERVICIOS
17;PICHINCHA;1;REGION SIERRA;3;3;202;0;92201;4447;2;SERVICIOS
17;PICHINCHA;1;REGION SIERRA;43;26;14978;185158;1800112;87234;2;SERVICIOS
1;AZUAY;1;REGION SIERRA;33;24;1957;0;976238;48005;2;SERVICIOS
17;PICHINCHA;1;REGION SIERRA;89;63;55148;403201;4057441;164961;2;SERVICIOS
17;PICHINCHA;1;REGION SIERRA;5;26;2756;130298;674821;32509;2;SERVICIOS
9;GUAYAS;2;REGION COSTA;34;24;0;168944;1509025;71974;2;SERVICIOS
9;GUAYAS;2;REGION COSTA;3;17;0;68359;457516;24445;2;SERVICIOS
9;GUAYAS;2;REGION COSTA;0;0;0;69114;165930;1690;2;SERVICIOS
9;GUAYAS;2;REGION COSTA;4;4;1208985;184433;265335;8612;2;SERVICIOS
9;GUAYAS;2;REGION COSTA;5;0;0;9599;225348;13254;2;SERVICIOS
9;GUAYAS;2;REGION COSTA;4;6;0;8620;133092;6220;2;SERVICIOS
9;GUAYAS;2;REGION COSTA;5;7;0;0;189915;11840;2;SERVICIOS
9;GUAYAS;2;REGION COSTA;5;1;0;6525;107088;4644;2;SERVICIOS
9;GUAYAS;2;REGION COSTA;3;2;123503;14788;45995;2917;2;SERVICIOS
9;GUAYAS;2;REGION COSTA;3;2;0;0;164108;5234;2;SERVICIOS
9;GUAYAS;2;REGION COSTA;25;14;0;66140;1533597;58088;2;SERVICIOS
9;GUAYAS;2;REGION COSTA;17;12;3275396;105351;1375717;45414;2;SERVICIOS
9;GUAYAS;2;REGION COSTA;9;11;30516;28682;570691;25761;2;SERVICIOS
9;GUAYAS;2;REGION COSTA;5;7;2585264;0;239878;13046;2;SERVICIOS
9;GUAYAS;2;REGION COSTA;22;24;13351;82280;1086320;51593;2;SERVICIOS
9;GUAYAS;2;REGION COSTA;188;49;134;72015;1388336;380;2;SERVICIOS
9;GUAYAS;2;REGION COSTA;42;48;300581;109059;3058623;120731;2;SERVICIOS
9;GUAYAS;2;REGION COSTA;26;36;75167;47872;1224044;58947;2;SERVICIOS
9;GUAYAS;2;REGION COSTA;115;109;0;146530;2810524;74577;2;SERVICIOS
9;GUAYAS;2;REGION COSTA;45;42;9537;59367;2399013;108117;2;SERVICIOS
9;GUAYAS;2;REGION COSTA;41;56;0;69378;2646042;142812;2;SERVICIOS
9;GUAYAS;2;REGION COSTA;58;60;480;0;3188578;172167;2;SERVICIOS
9;GUAYAS;2;REGION COSTA;25;27;0;0;1282594;70477;2;SERVICIOS
9;GUAYAS;2;REGION COSTA;26;17;2297465;69474;1953378;83064;2;SERVICIOS
9;GUAYAS;2;REGION COSTA;10;18;387570;0;473440;23886;2;SERVICIOS
9;GUAYAS;2;REGION COSTA;39;29;22150;183117;1111508;51583;2;SERVICIOS
9;GUAYAS;2;REGION COSTA;15;19;101885;68983;1417323;63733;2;SERVICIOS
17;PICHINCHA;1;REGION SIERRA;13;10;7515;20550;1761934;103336;2;SERVICIOS
17;PICHINCHA;1;REGION SIERRA;29;7;0;0;985044;46415;2;SERVICIOS
17;PICHINCHA;1;REGION SIERRA;6;8;46452;42000;233671;11848;2;SERVICIOS
17;PICHINCHA;1;REGION SIERRA;8;8;1588551;0;320935;18079;2;SERVICIOS
17;PICHINCHA;1;REGION SIERRA;5;12;414277;22532;301576;11397;2;SERVICIOS
17;PICHINCHA;1;REGION SIERRA;2;6;0;19586;225036;12015;2;SERVICIOS
17;PICHINCHA;1;REGION SIERRA;2;3;4250;706;91982;4296;2;SERVICIOS
17;PICHINCHA;1;REGION SIERRA;10;5;0;0;843058;47363;2;SERVICIOS
17;PICHINCHA;1;REGION SIERRA;440;182;0;114543;2735925;50095;2;SERVICIOS
17;PICHINCHA;1;REGION SIERRA;11;14;3228;11400;571298;29517;2;SERVICIOS
17;PICHINCHA;1;REGION SIERRA;11;9;12550;47883;642068;21238;2;SERVICIOS
17;PICHINCHA;1;REGION SIERRA;37;62;15120;236870;3032947;151256;2;SERVICIOS
17;PICHINCHA;1;REGION SIERRA;310;122;934;66172;3803957;129396;2;SERVICIOS
17;PICHINCHA;1;REGION SIERRA;51;40;0;354098;2121582;92747;2;SERVICIOS
17;PICHINCHA;1;REGION SIERRA;28;167;28734;1078367;2974287;133773;2;SERVICIOS
17;PICHINCHA;1;REGION SIERRA;20;7;99185;37974;724355;35527;2;SERVICIOS
17;PICHINCHA;1;REGION SIERRA;43;56;43333;250252;3412429;130910;2;SERVICIOS
17;PICHINCHA;1;REGION SIERRA;56;43;6112;103157;1736080;84732;2;SERVICIOS
17;PICHINCHA;1;REGION SIERRA;21;65;107538;1231861;1909485;92119;2;SERVICIOS
17;PICHINCHA;1;REGION SIERRA;19;17;87;206719;1210241;51696;2;SERVICIOS
17;PICHINCHA;1;REGION SIERRA;20;15;86601;24910;1179457;76364;2;SERVICIOS
9;GUAYAS;2;REGION COSTA;4;4;0;0;60601;2675;2;SERVICIOS
9;GUAYAS;2;REGION COSTA;16;29;1896;68855;860351;40528;2;SERVICIOS
17;PICHINCHA;1;REGION SIERRA;18;11;87;0;406806;15583;2;SERVICIOS
17;PICHINCHA;1;REGION SIERRA;2;2;0;38784;122601;4621;2;SERVICIOS
17;PICHINCHA;1;REGION SIERRA;0;2;0;0;51816;607;2;SERVICIOS
17;PICHINCHA;1;REGION SIERRA;21;11;0;24444;808634;38380;2;SERVICIOS
17;PICHINCHA;1;REGION SIERRA;6;39;2658;18727;795502;33907;2;SERVICIOS
17;PICHINCHA;1;REGION SIERRA;36;60;4198;35812;2233674;92655;2;SERVICIOS
17;PICHINCHA;1;REGION SIERRA;10;17;610;60752;599866;31602;2;SERVICIOS
17;PICHINCHA;1;REGION SIERRA;16;65;1495;322028;1052699;42565;2;SERVICIOS
22;ORELLANA;3;REGION AMAZONICA;0;0;0;5217;72762;0;2;SERVICIOS
22;ORELLANA;3;REGION AMAZONICA;2;18;0;575363;476136;27855;2;SERVICIOS
22;ORELLANA;3;REGION AMAZONICA;0;111;65394;178869;2857085;89673;2;SERVICIOS
13;MANABI;2;REGION COSTA;0;2;0;48000;18067;1248;2;SERVICIOS
9;GUAYAS;2;REGION COSTA;3;54;0;10268;971117;24250;2;SERVICIOS
9;GUAYAS;2;REGION COSTA;23;61;2924;62809;6286980;365684;2;SERVICIOS
17;PICHINCHA;1;REGION SIERRA;16;80;13113;1543762;2895363;123043;2;SERVICIOS
17;PICHINCHA;1;REGION SIERRA;3;5;7816;3300;111269;4126;2;SERVICIOS
17;PICHINCHA;1;REGION SIERRA;0;1;0;0;7635;441;2;SERVICIOS
17;PICHINCHA;1;REGION SIERRA;11;9;300;110209;958628;37879;2;SERVICIOS
17;PICHINCHA;1;REGION SIERRA;9;31;6016;27468;1026940;67321;2;SERVICIOS
1;AZUAY;1;REGION SIERRA;5;48;0;0;885603;49530;2;SERVICIOS
17;PICHINCHA;1;REGION SIERRA;4;34;0;7560;771144;36503;2;SERVICIOS
17;PICHINCHA;1;REGION SIERRA;152;141;291740;1277348;6470592;314981;2;SERVICIOS
17;PICHINCHA;1;REGION SIERRA;51;100;368939;626071;5202897;233795;2;SERVICIOS
17;PICHINCHA;1;REGION SIERRA;206;228;9023;12225;4169301;162064;2;SERVICIOS
23;SANTO DOMINGO;1;REGION SIERRA;0;8;0;0;96709;2831;2;SERVICIOS
17;PICHINCHA;1;REGION SIERRA;36;57;23154;105077;3678361;134973;2;SERVICIOS
9;GUAYAS;2;REGION COSTA;4;18;0;6504;533464;3599;2;SERVICIOS
9;GUAYAS;2;REGION COSTA;4;15;0;4740;498545;26362;2;SERVICIOS
9;GUAYAS;2;REGION COSTA;15;5;208;31915;464106;26965;2;SERVICIOS
9;GUAYAS;2;REGION COSTA;7;2;0;2983;147242;8525;2;SERVICIOS
13;MANABI;2;REGION COSTA;1;1;362;0;19710;1098;2;SERVICIOS
9;GUAYAS;2;REGION COSTA;5;4;12280;0;141954;8441;2;SERVICIOS
9;GUAYAS;2;REGION COSTA;19;11;18611;5557;416131;23422;2;SERVICIOS
9;GUAYAS;2;REGION COSTA;5;1;1645;0;53719;2792;2;SERVICIOS
9;GUAYAS;2;REGION COSTA;29;127;0;68609;4185348;160980;2;SERVICIOS
20;GALAPAGOS;4;REGION INSULAR;6;2;19888;6133;107037;4792;2;SERVICIOS
20;GALAPAGOS;4;REGION INSULAR;7;10;6217;22085;403397;19689;2;SERVICIOS
20;GALAPAGOS;4;REGION INSULAR;19;18;181832;27883;1085367;37664;2;SERVICIOS
17;PICHINCHA;1;REGION SIERRA;5;3;79;17280;132795;8262;2;SERVICIOS
17;PICHINCHA;1;REGION SIERRA;1;5;502;0;83779;4723;2;SERVICIOS
17;PICHINCHA;1;REGION SIERRA;6;3;1429;14993;124526;7910;2;SERVICIOS
17;PICHINCHA;1;REGION SIERRA;0;0;0;5315;18690;999;2;SERVICIOS
18;TUNGURAHUA;1;REGION SIERRA;1;0;635;1950;9894;400;2;SERVICIOS
17;PICHINCHA;1;REGION SIERRA;0;0;505;0;13400;519;2;SERVICIOS
17;PICHINCHA;1;REGION SIERRA;1;0;0;30720;6018;301;2;SERVICIOS
17;PICHINCHA;1;REGION SIERRA;1;0;0;3120;1919;0;2;SERVICIOS
1;AZUAY;1;REGION SIERRA;8;2;1389;964;89622;6124;2;SERVICIOS
17;PICHINCHA;1;REGION SIERRA;6;2;365;3830;220454;8125;2;SERVICIOS
17;PICHINCHA;1;REGION SIERRA;2;1;273;5536;104569;4756;2;SERVICIOS
17;PICHINCHA;1;REGION SIERRA;9;5;129;11829;136727;5896;2;SERVICIOS
17;PICHINCHA;1;REGION SIERRA;3;3;14824;11681;147029;4906;2;SERVICIOS
1;AZUAY;1;REGION SIERRA;3;1;1257;19330;52184;2734;2;SERVICIOS
17;PICHINCHA;1;REGION SIERRA;7;6;6270;8450;182478;7028;2;SERVICIOS
17;PICHINCHA;1;REGION SIERRA;15;9;251436;23896;900448;48154;2;SERVICIOS
17;PICHINCHA;1;REGION SIERRA;20;8;4792;14400;401508;20524;2;SERVICIOS
17;PICHINCHA;1;REGION SIERRA;57;30;3685;137830;1261049;56525;2;SERVICIOS
17;PICHINCHA;1;REGION SIERRA;11;5;15049;0;335514;16814;2;SERVICIOS
1;AZUAY;1;REGION SIERRA;28;16;203650;110895;554590;17377;2;SERVICIOS
17;PICHINCHA;1;REGION SIERRA;6;30;5973;20169;1325806;60400;2;SERVICIOS
17;PICHINCHA;1;REGION SIERRA;11;2;22956;20042;329255;12719;2;SERVICIOS
17;PICHINCHA;1;REGION SIERRA;31;15;13605;14239;791767;30014;2;SERVICIOS
17;PICHINCHA;1;REGION SIERRA;9;6;327;0;341635;16848;2;SERVICIOS
17;PICHINCHA;1;REGION SIERRA;114;241;645016;347574;11874970;691975;2;SERVICIOS
9;GUAYAS;2;REGION COSTA;52;493;35;5009;4329369;245246;2;SERVICIOS
9;GUAYAS;2;REGION COSTA;14;386;98230;23833;2508410;49706;2;SERVICIOS
9;GUAYAS;2;REGION COSTA;6;350;0;26932;2171748;71287;2;SERVICIOS
9;GUAYAS;2;REGION COSTA;17;121;12000;12000;1958499;33327;2;SERVICIOS
9;GUAYAS;2;REGION COSTA;2;127;0;6548;1817026;96199;2;SERVICIOS
9;GUAYAS;2;REGION COSTA;7;64;0;4800;753122;51202;2;SERVICIOS
9;GUAYAS;2;REGION COSTA;4;87;0;8914;540530;7469;2;SERVICIOS
13;MANABI;2;REGION COSTA;3;30;0;1824;144010;8564;2;SERVICIOS
9;GUAYAS;2;REGION COSTA;3;3;0;0;129203;7393;2;SERVICIOS
9;GUAYAS;2;REGION COSTA;3;14;2286;3600;245321;13256;2;SERVICIOS
7;EL ORO;2;REGION COSTA;7;157;1982;0;1863654;104449;2;SERVICIOS
9;GUAYAS;2;REGION COSTA;6;71;117;357895;1051583;61487;2;SERVICIOS
9;GUAYAS;2;REGION COSTA;15;491;9600;10200;4296743;232199;2;SERVICIOS
7;EL ORO;2;REGION COSTA;32;566;1094;16575;5414985;257563;2;SERVICIOS
9;GUAYAS;2;REGION COSTA;16;374;300;35629;3598267;169454;2;SERVICIOS
9;GUAYAS;2;REGION COSTA;15;292;1380;525681;4122355;237980;2;SERVICIOS
9;GUAYAS;2;REGION COSTA;13;13;5690;27971;934368;31756;2;SERVICIOS
9;GUAYAS;2;REGION COSTA;12;365;597;64929;2859348;162610;2;SERVICIOS
9;GUAYAS;2;REGION COSTA;5;431;2417;23566;4481191;252479;2;SERVICIOS
9;GUAYAS;2;REGION COSTA;3;315;0;30406;2556916;135086;2;SERVICIOS
9;GUAYAS;2;REGION COSTA;36;553;1277;6755;4252176;225587;2;SERVICIOS
9;GUAYAS;2;REGION COSTA;70;493;0;0;5038613;251467;2;SERVICIOS
9;GUAYAS;2;REGION COSTA;13;495;2761;63755;5212324;18429;2;SERVICIOS
9;GUAYAS;2;REGION COSTA;21;63;1893;41036;1923247;86439;2;SERVICIOS
9;GUAYAS;2;REGION COSTA;233;263;280933;741601;9695303;518801;2;SERVICIOS
17;PICHINCHA;1;REGION SIERRA;229;3970;3441;64945;41174307;2298895;2;SERVICIOS
17;PICHINCHA;1;REGION SIERRA;100;2329;0;87321;25085194;1089646;2;SERVICIOS
17;PICHINCHA;1;REGION SIERRA;236;549;0;50159;5677167;66872;2;SERVICIOS
10;IMBABURA;1;REGION SIERRA;49;632;3471;9227;4497348;230545;2;SERVICIOS
17;PICHINCHA;1;REGION SIERRA;14;345;1052;44846;3873695;172744;2;SERVICIOS
18;TUNGURAHUA;1;REGION SIERRA;19;255;6429;16354;2840724;173728;2;SERVICIOS
17;PICHINCHA;1;REGION SIERRA;6;251;0;8701;2430788;135684;2;SERVICIOS
18;TUNGURAHUA;1;REGION SIERRA;42;300;312;6429;1814391;118579;2;SERVICIOS
17;PICHINCHA;1;REGION SIERRA;4;198;1267;18206;1779517;113317;2;SERVICIOS
17;PICHINCHA;1;REGION SIERRA;8;214;1265;2140;1693048;87735;2;SERVICIOS
17;PICHINCHA;1;REGION SIERRA;6;139;2423;3118;1273024;62136;2;SERVICIOS
17;PICHINCHA;1;REGION SIERRA;4;71;940;9600;740528;43255;2;SERVICIOS
17;PICHINCHA;1;REGION SIERRA;11;41;820;0;427346;16214;2;SERVICIOS
17;PICHINCHA;1;REGION SIERRA;3;49;7872;3344;355069;19469;2;SERVICIOS
17;PICHINCHA;1;REGION SIERRA;4;28;0;601;312339;12662;2;SERVICIOS
6;CHIMBORAZO;1;REGION SIERRA;2;36;226;215;268799;11669;2;SERVICIOS
17;PICHINCHA;1;REGION SIERRA;0;0;0;0;17986;4463;2;SERVICIOS
17;PICHINCHA;1;REGION SIERRA;1;101;0;10800;151473;543;2;SERVICIOS
17;PICHINCHA;1;REGION SIERRA;3;5;0;4509;163640;4382;2;SERVICIOS
6;CHIMBORAZO;1;REGION SIERRA;2;8;0;0;72857;4267;2;SERVICIOS
17;PICHINCHA;1;REGION SIERRA;8;119;507;17560;949100;56912;2;SERVICIOS
23;SANTO DOMINGO;1;REGION SIERRA;5;268;915;0;2371114;68932;2;SERVICIOS
23;SANTO DOMINGO;1;REGION SIERRA;6;198;4127;297001;2098548;117143;2;SERVICIOS
17;PICHINCHA;1;REGION SIERRA;8;82;0;0;705093;31596;2;SERVICIOS
17;PICHINCHA;1;REGION SIERRA;0;15;0;2479;116137;6119;2;SERVICIOS
17;PICHINCHA;1;REGION SIERRA;33;91;1581;1572;1157792;63163;2;SERVICIOS
1;AZUAY;1;REGION SIERRA;8;220;443;12731;2445899;144076;2;SERVICIOS
1;AZUAY;1;REGION SIERRA;3;308;137;2000;3199651;170394;2;SERVICIOS
17;PICHINCHA;1;REGION SIERRA;14;301;10096;44000;3499211;172714;2;SERVICIOS
1;AZUAY;1;REGION SIERRA;28;451;3714;9449;1928216;118785;2;SERVICIOS
17;PICHINCHA;1;REGION SIERRA;9;223;4149;33394;2646584;147789;2;SERVICIOS
1;AZUAY;1;REGION SIERRA;6;326;1215;14393;2470479;138697;2;SERVICIOS
17;PICHINCHA;1;REGION SIERRA;26;545;2224;67613;5929934;332892;2;SERVICIOS
17;PICHINCHA;1;REGION SIERRA;10;338;3206;6955;3356218;191196;2;SERVICIOS
10;IMBABURA;1;REGION SIERRA;3;25;0;0;172744;7988;2;SERVICIOS
17;PICHINCHA;1;REGION SIERRA;51;1276;31523;27647;11647300;682288;2;SERVICIOS
6;CHIMBORAZO;1;REGION SIERRA;34;528;2591;46637;4634751;295910;2;SERVICIOS
11;LOJA;1;REGION SIERRA;24;533;129;98489;4046719;242067;2;SERVICIOS
17;PICHINCHA;1;REGION SIERRA;101;1654;23477;410022;11213438;606859;2;SERVICIOS
17;PICHINCHA;1;REGION SIERRA;32;100;377;98000;1642743;88924;2;SERVICIOS
17;PICHINCHA;1;REGION SIERRA;68;2348;0;273100;33882271;1944346;2;SERVICIOS
17;PICHINCHA;1;REGION SIERRA;61;849;1692;15861;8254021;531228;2;SERVICIOS
17;PICHINCHA;1;REGION SIERRA;16;480;1507;321892;6260485;378769;2;SERVICIOS
17;PICHINCHA;1;REGION SIERRA;42;810;4524;51755;6841435;351252;2;SERVICIOS
17;PICHINCHA;1;REGION SIERRA;183;1835;19322;352509;21599690;1268773;2;SERVICIOS
17;PICHINCHA;1;REGION SIERRA;175;3209;54003;642279;40690683;2449072;2;SERVICIOS
9;GUAYAS;2;REGION COSTA;0;4;0;38;42973;1748;2;SERVICIOS
9;GUAYAS;2;REGION COSTA;154;635;35928;13783;5085703;219101;2;SERVICIOS
9;GUAYAS;2;REGION COSTA;281;646;4898;18610;7121480;285295;2;SERVICIOS
17;PICHINCHA;1;REGION SIERRA;155;163;137;0;2370458;125971;2;SERVICIOS
17;PICHINCHA;1;REGION SIERRA;4;9;0;17752;159517;6342;2;SERVICIOS
17;PICHINCHA;1;REGION SIERRA;1;0;0;0;102995;4402;2;SERVICIOS
17;PICHINCHA;1;REGION SIERRA;5;17;514;8532;337416;397;2;SERVICIOS
1;AZUAY;1;REGION SIERRA;12;10;0;1652;65087;4281;2;SERVICIOS
17;PICHINCHA;1;REGION SIERRA;16;273;0;263724;5535020;309051;2;SERVICIOS
1;AZUAY;1;REGION SIERRA;58;28;0;0;603773;36681;2;SERVICIOS
17;PICHINCHA;1;REGION SIERRA;116;56;0;0;1404453;50024;2;SERVICIOS
17;PICHINCHA;1;REGION SIERRA;294;168;1411;55877;3240903;191532;2;SERVICIOS
17;PICHINCHA;1;REGION SIERRA;498;157;8259;10182;4684467;111854;2;SERVICIOS
1;AZUAY;1;REGION SIERRA;24;39;146;0;494228;28496;2;SERVICIOS
9;GUAYAS;2;REGION COSTA;9;2;0;8400;118411;6639;2;SERVICIOS
9;GUAYAS;2;REGION COSTA;4;2;638;2856;73735;2716;2;SERVICIOS
9;GUAYAS;2;REGION COSTA;0;3;0;3347;53395;3238;2;SERVICIOS
9;GUAYAS;2;REGION COSTA;4;3;0;0;50594;2883;2;SERVICIOS
9;GUAYAS;2;REGION COSTA;7;10;0;52868;472848;13090;2;SERVICIOS
9;GUAYAS;2;REGION COSTA;9;14;20562;47120;972651;19422;2;SERVICIOS
17;PICHINCHA;1;REGION SIERRA;11;20;0;0;2053680;75305;2;SERVICIOS
17;PICHINCHA;1;REGION SIERRA;27;16;0;13336;396613;16457;2;SERVICIOS
17;PICHINCHA;1;REGION SIERRA;3;5;365;0;115849;6488;2;SERVICIOS
17;PICHINCHA;1;REGION SIERRA;4;3;371;4810;99798;4082;2;SERVICIOS
17;PICHINCHA;1;REGION SIERRA;1;0;0;0;12345;740;2;SERVICIOS
18;TUNGURAHUA;1;REGION SIERRA;3;6;0;12785;75021;1721;2;SERVICIOS
17;PICHINCHA;1;REGION SIERRA;9;3;80251;123700;358367;13515;2;SERVICIOS
6;CHIMBORAZO;1;REGION SIERRA;3;21;1652;55823;267600;13247;2;SERVICIOS
17;PICHINCHA;1;REGION SIERRA;49;37;14984;8000;1247036;52558;2;SERVICIOS
17;PICHINCHA;1;REGION SIERRA;4;11;0;57495;224629;12602;2;SERVICIOS
17;PICHINCHA;1;REGION SIERRA;37;21;1297;28248;801454;37702;2;SERVICIOS
17;PICHINCHA;1;REGION SIERRA;278;264;0;241995;9083809;429618;2;SERVICIOS
21;SUCUMBIOS;3;REGION AMAZONICA;37;36;10460;0;913268;31581;2;SERVICIOS
9;GUAYAS;2;REGION COSTA;47;41;296;0;918250;29042;2;SERVICIOS
9;GUAYAS;2;REGION COSTA;40;24;4000;41440;908652;46079;2;SERVICIOS
13;MANABI;2;REGION COSTA;31;13;1547;29228;369710;20726;2;SERVICIOS
9;GUAYAS;2;REGION COSTA;19;9;0;31085;370410;20321;2;SERVICIOS
9;GUAYAS;2;REGION COSTA;16;3;0;13805;255077;14776;2;SERVICIOS
9;GUAYAS;2;REGION COSTA;0;1;760;0;76981;4000;2;SERVICIOS
13;MANABI;2;REGION COSTA;4;2;2713;0;73679;4283;2;SERVICIOS
9;GUAYAS;2;REGION COSTA;9;0;5600;0;79413;3622;2;SERVICIOS
9;GUAYAS;2;REGION COSTA;0;6;0;6174;95229;4847;2;SERVICIOS
9;GUAYAS;2;REGION COSTA;1;3;291;4704;110322;6518;2;SERVICIOS
9;GUAYAS;2;REGION COSTA;1;2;0;9314;58637;2319;2;SERVICIOS
9;GUAYAS;2;REGION COSTA;2;4;0;7749;47834;2087;2;SERVICIOS
9;GUAYAS;2;REGION COSTA;5;1;499;0;88178;4963;2;SERVICIOS
9;GUAYAS;2;REGION COSTA;55;25;23567;127995;882493;51167;2;SERVICIOS
9;GUAYAS;2;REGION COSTA;22;29;280;22628;1098788;59216;2;SERVICIOS
9;GUAYAS;2;REGION COSTA;83;41;2867;155454;2111877;98726;2;SERVICIOS
9;GUAYAS;2;REGION COSTA;35;26;0;141294;687813;0;2;SERVICIOS
7;EL ORO;2;REGION COSTA;3;5;0;0;127092;5574;2;SERVICIOS
13;MANABI;2;REGION COSTA;22;18;5058;18077;708099;30172;2;SERVICIOS
12;LOS0RIOS;2;REGION COSTA;6;3;2869;0;61561;3052;2;SERVICIOS
12;LOS0RIOS;2;REGION COSTA;81;51;89867;0;1980945;99858;2;SERVICIOS
13;MANABI;2;REGION COSTA;21;11;2050;51076;612283;33266;2;SERVICIOS
9;GUAYAS;2;REGION COSTA;13;6;4100;0;406426;401;2;SERVICIOS
24;SANTA ELENA;2;REGION COSTA;12;5;990;0;169403;9723;2;SERVICIOS
9;GUAYAS;2;REGION COSTA;506;221;118352;720;11984089;546721;2;SERVICIOS
9;GUAYAS;2;REGION COSTA;166;94;0;5242;3352859;135917;2;SERVICIOS
9;GUAYAS;2;REGION COSTA;31;10;10888;0;472631;24672;2;SERVICIOS
9;GUAYAS;2;REGION COSTA;246;97;18826;0;4924381;236517;2;SERVICIOS
9;GUAYAS;2;REGION COSTA;46;29;878;71255;885435;36274;2;SERVICIOS
9;GUAYAS;2;REGION COSTA;161;99;30620;90945;3334594;213596;2;SERVICIOS
9;GUAYAS;2;REGION COSTA;226;152;18163;10036;6218774;218446;2;SERVICIOS
9;GUAYAS;2;REGION COSTA;110;69;245960;211916;4227302;169698;2;SERVICIOS
7;EL ORO;2;REGION COSTA;55;7;3961;2389;1028392;34295;2;SERVICIOS
9;GUAYAS;2;REGION COSTA;47;45;39509;176287;2586788;133455;2;SERVICIOS
9;GUAYAS;2;REGION COSTA;396;122;147946;24969;7580452;393211;2;SERVICIOS
9;GUAYAS;2;REGION COSTA;12;12;1443;65504;540168;21993;2;SERVICIOS
9;GUAYAS;2;REGION COSTA;278;158;5425;623665;10026138;476496;2;SERVICIOS
9;GUAYAS;2;REGION COSTA;265;122;1646;61935;6062020;284197;2;SERVICIOS
9;GUAYAS;2;REGION COSTA;96;72;0;27632;3069353;134465;2;SERVICIOS
9;GUAYAS;2;REGION COSTA;711;386;13766;828;14022035;459475;2;SERVICIOS
17;PICHINCHA;1;REGION SIERRA;67;61;8794;0;3094893;99631;2;SERVICIOS
17;PICHINCHA;1;REGION SIERRA;143;69;52856;159065;1976286;123392;2;SERVICIOS
17;PICHINCHA;1;REGION SIERRA;55;15;9502;147716;1175249;70162;2;SERVICIOS
17;PICHINCHA;1;REGION SIERRA;16;3;13521;24333;366136;21133;2;SERVICIOS
17;PICHINCHA;1;REGION SIERRA;19;6;1690;101383;264232;11341;2;SERVICIOS
17;PICHINCHA;1;REGION SIERRA;7;1;735;0;91857;5394;2;SERVICIOS
17;PICHINCHA;1;REGION SIERRA;11;4;255;25376;158093;9227;2;SERVICIOS
17;PICHINCHA;1;REGION SIERRA;4;1;0;0;37691;1828;2;SERVICIOS
17;PICHINCHA;1;REGION SIERRA;9;1;0;12428;79104;5336;2;SERVICIOS
6;CHIMBORAZO;1;REGION SIERRA;5;2;0;6600;27319;1026;2;SERVICIOS
17;PICHINCHA;1;REGION SIERRA;24;7;4096;0;461923;20583;2;SERVICIOS
1;AZUAY;1;REGION SIERRA;16;3;5240;0;180026;8596;2;SERVICIOS
17;PICHINCHA;1;REGION SIERRA;3;2;20750;47102;90249;6037;2;SERVICIOS
1;AZUAY;1;REGION SIERRA;5;4;4238;159047;166996;4225;2;SERVICIOS
6;CHIMBORAZO;1;REGION SIERRA;16;6;87;0;297991;9048;2;SERVICIOS
17;PICHINCHA;1;REGION SIERRA;45;4;2917;130014;516887;23962;2;SERVICIOS
17;PICHINCHA;1;REGION SIERRA;19;17;765;5870;615522;33003;2;SERVICIOS
17;PICHINCHA;1;REGION SIERRA;0;1;2251;0;48789;2657;2;SERVICIOS
11;LOJA;1;REGION SIERRA;44;11;8256;0;734404;32939;2;SERVICIOS
18;TUNGURAHUA;1;REGION SIERRA;12;12;1648;9870;153011;6821;2;SERVICIOS
11;LOJA;1;REGION SIERRA;23;3;2360;0;244333;9494;2;SERVICIOS
17;PICHINCHA;1;REGION SIERRA;37;10;1022;63614;848466;33935;2;SERVICIOS
17;PICHINCHA;1;REGION SIERRA;162;64;49303;255234;3195951;153245;2;SERVICIOS
17;PICHINCHA;1;REGION SIERRA;10;4;25;17089;126425;4212;2;SERVICIOS
17;PICHINCHA;1;REGION SIERRA;9;3;2360;33376;83022;3827;2;SERVICIOS
18;TUNGURAHUA;1;REGION SIERRA;8;4;1284;0;78372;2465;2;SERVICIOS
17;PICHINCHA;1;REGION SIERRA;35;10;8039;14447;586930;22217;2;SERVICIOS
17;PICHINCHA;1;REGION SIERRA;16;5;184;49294;579227;7356;2;SERVICIOS
1;AZUAY;1;REGION SIERRA;2;0;338;621;19056;626;2;SERVICIOS
23;SANTO DOMINGO;1;REGION SIERRA;22;17;2971;16950;334180;15668;2;SERVICIOS
17;PICHINCHA;1;REGION SIERRA;46;20;0;0;777332;33876;2;SERVICIOS
11;LOJA;1;REGION SIERRA;69;28;2537;37385;1353313;64347;2;SERVICIOS
23;SANTO DOMINGO;1;REGION SIERRA;61;52;17364;0;1377948;27553;2;SERVICIOS
1;AZUAY;1;REGION SIERRA;25;7;0;0;944583;50679;2;SERVICIOS
17;PICHINCHA;1;REGION SIERRA;303;253;4753;0;5704596;381599;2;SERVICIOS
17;PICHINCHA;1;REGION SIERRA;14;4;74884;0;583346;28861;2;SERVICIOS
18;TUNGURAHUA;1;REGION SIERRA;103;44;140;0;3584510;199544;2;SERVICIOS
17;PICHINCHA;1;REGION SIERRA;53;20;0;52136;879145;54586;2;SERVICIOS
1;AZUAY;1;REGION SIERRA;24;9;16206;9426;404576;13412;2;SERVICIOS
17;PICHINCHA;1;REGION SIERRA;184;93;3190;49681;4061362;154642;2;SERVICIOS
17;PICHINCHA;1;REGION SIERRA;70;18;25149;0;1542698;87645;2;SERVICIOS
17;PICHINCHA;1;REGION SIERRA;61;22;0;0;1331661;38343;2;SERVICIOS
6;CHIMBORAZO;1;REGION SIERRA;40;14;9132;0;511739;18890;2;SERVICIOS
17;PICHINCHA;1;REGION SIERRA;99;39;12688;80182;2179458;102441;2;SERVICIOS
17;PICHINCHA;1;REGION SIERRA;172;22;3450;275800;2943229;163137;2;SERVICIOS
17;PICHINCHA;1;REGION SIERRA;28;10;0;0;609549;31687;2;SERVICIOS
17;PICHINCHA;1;REGION SIERRA;115;53;7178;50725;2291942;24477;2;SERVICIOS
1;AZUAY;1;REGION SIERRA;168;51;0;155998;3027365;142548;2;SERVICIOS
17;PICHINCHA;1;REGION SIERRA;65;27;4428;194342;1516924;87693;2;SERVICIOS
17;PICHINCHA;1;REGION SIERRA;44;19;12949;1122450;1077224;58821;2;SERVICIOS
17;PICHINCHA;1;REGION SIERRA;150;71;26422;230701;3029778;137606;2;SERVICIOS
17;PICHINCHA;1;REGION SIERRA;64;46;38000;91867;2001917;69760;2;SERVICIOS
17;PICHINCHA;1;REGION SIERRA;163;53;7697;501527;2476482;96120;2;SERVICIOS
1;AZUAY;1;REGION SIERRA;97;29;7934;0;1782878;81360;2;SERVICIOS
23;SANTO DOMINGO;1;REGION SIERRA;45;40;17556;114914;1029705;30383;2;SERVICIOS
18;TUNGURAHUA;1;REGION SIERRA;19;4;3442;33681;200549;7319;2;SERVICIOS
1;AZUAY;1;REGION SIERRA;98;27;11533;57992;1546605;67689;2;SERVICIOS
17;PICHINCHA;1;REGION SIERRA;5;1;164;4044;53558;2382;2;SERVICIOS
1;AZUAY;1;REGION SIERRA;61;19;17650;0;411774;2867;2;SERVICIOS
17;PICHINCHA;1;REGION SIERRA;68;22;4659;12642;961275;42019;2;SERVICIOS
10;IMBABURA;1;REGION SIERRA;12;9;435;0;257997;14912;2;SERVICIOS
17;PICHINCHA;1;REGION SIERRA;204;99;12066;8400;4779200;211210;2;SERVICIOS
17;PICHINCHA;1;REGION SIERRA;183;82;0;24000;2892319;60186;2;SERVICIOS
17;PICHINCHA;1;REGION SIERRA;317;93;13013;0;4799951;224197;2;SERVICIOS
17;PICHINCHA;1;REGION SIERRA;321;142;10677;588722;8303667;407513;2;SERVICIOS
17;PICHINCHA;1;REGION SIERRA;62;47;1081;13741;1157956;41778;2;SERVICIOS
1;AZUAY;1;REGION SIERRA;233;85;1581;0;7582401;407120;2;SERVICIOS
11;LOJA;1;REGION SIERRA;128;70;27106;826;3660711;216887;2;SERVICIOS
17;PICHINCHA;1;REGION SIERRA;71;18;5488;0;1142652;41019;2;SERVICIOS
17;PICHINCHA;1;REGION SIERRA;478;225;28376;0;19106697;927114;2;SERVICIOS
17;PICHINCHA;1;REGION SIERRA;352;186;41887;115517;8946052;509493;2;SERVICIOS
1;AZUAY;1;REGION SIERRA;165;27;30306;0;2681248;93412;2;SERVICIOS
17;PICHINCHA;1;REGION SIERRA;160;85;0;0;3380654;175579;2;SERVICIOS
17;PICHINCHA;1;REGION SIERRA;127;70;155925;139220;2920868;115528;2;SERVICIOS
17;PICHINCHA;1;REGION SIERRA;84;30;20138;0;1974466;29467;2;SERVICIOS
17;PICHINCHA;1;REGION SIERRA;568;298;513034;179697;21289115;749260;2;SERVICIOS
17;PICHINCHA;1;REGION SIERRA;9;0;0;0;65955;1013;2;SERVICIOS
17;PICHINCHA;1;REGION SIERRA;94;13;282;0;946704;46079;2;SERVICIOS
17;PICHINCHA;1;REGION SIERRA;99;56;6526;0;1628544;93598;2;SERVICIOS
17;PICHINCHA;1;REGION SIERRA;25;3;0;0;204762;8183;2;SERVICIOS
13;MANABI;2;REGION COSTA;8;0;0;0;55843;3248;2;SERVICIOS
17;PICHINCHA;1;REGION SIERRA;3;8;0;0;294720;0;2;SERVICIOS
17;PICHINCHA;1;REGION SIERRA;14;23;968;44877;720088;35326;2;SERVICIOS
9;GUAYAS;2;REGION COSTA;47;42;45717;5683;1571852;90470;2;SERVICIOS
17;PICHINCHA;1;REGION SIERRA;99;105;30340;1524583;2257868;91662;2;SERVICIOS
22;ORELLANA;3;REGION AMAZONICA;2;11;400;0;118661;7462;2;SERVICIOS
9;GUAYAS;2;REGION COSTA;23;40;552;0;636673;32291;2;SERVICIOS
9;GUAYAS;2;REGION COSTA;3;13;7806;0;110924;6423;2;SERVICIOS
9;GUAYAS;2;REGION COSTA;13;16;47553;0;468773;29699;2;SERVICIOS
9;GUAYAS;2;REGION COSTA;110;257;123788;0;4030956;186172;2;SERVICIOS
9;GUAYAS;2;REGION COSTA;21;51;63029;83074;1849913;82066;2;SERVICIOS
24;SANTA ELENA;2;REGION COSTA;150;312;9300;0;2198869;98711;2;SERVICIOS
17;PICHINCHA;1;REGION SIERRA;15;82;307668;54927;1725631;66634;2;SERVICIOS
11;LOJA;1;REGION SIERRA;2;52;26395;3611;1689200;12044;2;SERVICIOS
6;CHIMBORAZO;1;REGION SIERRA;14;77;3598;0;988200;53782;2;SERVICIOS
17;PICHINCHA;1;REGION SIERRA;0;0;164155;3754;148500;7000;2;SERVICIOS
10;IMBABURA;1;REGION SIERRA;2;41;552;2385;290000;0;2;SERVICIOS
17;PICHINCHA;1;REGION SIERRA;3;2;0;0;194253;12038;2;SERVICIOS
17;PICHINCHA;1;REGION SIERRA;1;3;0;16800;27559;1148;2;SERVICIOS
17;PICHINCHA;1;REGION SIERRA;1;73;99;7680;638732;22280;2;SERVICIOS
17;PICHINCHA;1;REGION SIERRA;1;8;7551;25000;90473;3175;2;SERVICIOS
17;PICHINCHA;1;REGION SIERRA;22;1;63035;10080;2634253;18876;2;SERVICIOS
18;TUNGURAHUA;1;REGION SIERRA;1;69;15172;0;1411779;3051;2;SERVICIOS
17;PICHINCHA;1;REGION SIERRA;63;239;2398;0;3954096;205299;2;SERVICIOS
1;AZUAY;1;REGION SIERRA;32;58;29102;0;887486;33999;2;SERVICIOS
17;PICHINCHA;1;REGION SIERRA;5;13;159320;2639046;46678012;2567409;2;SERVICIOS
24;SANTA ELENA;2;REGION COSTA;2;3;0;395;32691;1358;2;SERVICIOS
13;MANABI;2;REGION COSTA;2;2;0;4320;42873;2559;2;SERVICIOS
9;GUAYAS;2;REGION COSTA;9;2;0;0;90893;4127;2;SERVICIOS
9;GUAYAS;2;REGION COSTA;9;19;6004;0;252223;12508;2;SERVICIOS
9;GUAYAS;2;REGION COSTA;9;77;0;46680;1269685;57711;2;SERVICIOS
10;IMBABURA;1;REGION SIERRA;2;3;10815;0;86466;4478;2;SERVICIOS
6;CHIMBORAZO;1;REGION SIERRA;7;7;349;12870;277799;6347;2;SERVICIOS
2;BOLIVAR;1;REGION SIERRA;5;6;2938;0;104280;5231;2;SERVICIOS
17;PICHINCHA;1;REGION SIERRA;39;55;6191;90791;1418693;77037;2;SERVICIOS
18;TUNGURAHUA;1;REGION SIERRA;49;26;576;0;950940;53296;2;SERVICIOS
9;GUAYAS;2;REGION COSTA;17;45;0;21600;798452;48918;2;SERVICIOS
9;GUAYAS;2;REGION COSTA;26;48;4927;86568;694913;33027;2;SERVICIOS
9;GUAYAS;2;REGION COSTA;77;118;38904;150072;6418684;318114;2;SERVICIOS
17;PICHINCHA;1;REGION SIERRA;16;24;1700;63804;784063;46958;2;SERVICIOS
17;PICHINCHA;1;REGION SIERRA;0;4;100;1884;137449;6319;2;SERVICIOS
17;PICHINCHA;1;REGION SIERRA;16;64;0;80808;1381760;69683;2;SERVICIOS
1;AZUAY;1;REGION SIERRA;67;17;26871;108199;822605;42703;2;SERVICIOS
17;PICHINCHA;1;REGION SIERRA;4;15;2212;57558;514012;24025;2;SERVICIOS
22;ORELLANA;3;REGION AMAZONICA;1;4;3000;0;47764;2365;2;SERVICIOS
13;MANABI;2;REGION COSTA;68;81;13516;0;2157595;92093;2;SERVICIOS
9;GUAYAS;2;REGION COSTA;12;6;1600;24500;94098;3532;2;SERVICIOS
9;GUAYAS;2;REGION COSTA;350;194;94066;64584;3789072;176808;2;SERVICIOS
9;GUAYAS;2;REGION COSTA;53;38;16170;24375;1677431;104499;2;SERVICIOS
17;PICHINCHA;1;REGION SIERRA;168;175;69147;126180;5652982;282995;2;SERVICIOS
17;PICHINCHA;1;REGION SIERRA;11;77;0;0;755782;36009;2;SERVICIOS
23;SANTO DOMINGO;1;REGION SIERRA;0;4;0;0;20354;693;2;SERVICIOS
17;PICHINCHA;1;REGION SIERRA;3;6;0;22435;59843;1535;2;SERVICIOS
17;PICHINCHA;1;REGION SIERRA;20;13;10392;31997;502774;21875;2;SERVICIOS
17;PICHINCHA;1;REGION SIERRA;2;0;12435;25032;37125;509;2;SERVICIOS
17;PICHINCHA;1;REGION SIERRA;48;67;114725;256960;1825183;63676;2;SERVICIOS
17;PICHINCHA;1;REGION SIERRA;340;200;107610;1144244;5013005;244274;2;SERVICIOS
17;PICHINCHA;1;REGION SIERRA;28;71;65241;29065;1249874;82940;2;SERVICIOS
